ontem	33
tava	53
conseguindo	5
engolir	2
água	31
hoje	45
sei	32
veia	30
tô	92
muita	43
toma	139
então	26
soninho	4
bom	62
alergia	70
graças	8
tontura	25
vim	2
starbucks	1
incrível	1
roacutan	2
antidepressivo	9
voltei	3
remédio	144
p	150
cólica	50
pra	807
pressão	12
baixa	27
anemia	4
so	17
to	137
nervosa	7
pq	138
efeitos	21
colaterais	18
chatos	4
bem	46
piores	4
formigamento	4
mãos	3
topiramato	9
tão	34
desgraçado	1
q	232
jogando	3
dormir	47
873485345	1
horas	15
dopada	3
maldita	12
febre	55
absurda	3
tomo	83
fez	22
abaixar	3
irmão	4
acima	7
600	14
poderia	1
entrar	19
explica	9
entao	3
acabei	8
tomar	284
rivotril	26
melhora	23
dor	321
time	4
domperidona	2
ricino	10
cabelo	25
cheiro	14
forte	37
estar	22
dando	35
alguém	22
conhece	1
mãe	21
sumatriptano	1
age	4
rápido	24
dá	88
menos	24
efeito	55
colateral	9
pode	94
curar	12
terrível	6
joelho	2
passou	35
gravidez	3
tomava	18
conseguia	4
levantar	2
passei	8
spray	1
nunca	19
ibuprofeno	77
aq	7
derretendo	1
nesse	15
controle	16
glicose	25
simples	4
receita	13
http	75
vibe5	2
saude	6
adeus	7
inchaco	3
estômago	133
oq	13
mim	30
causa	120
tendência	1
piorar	6
cirurgia	3
tomei	194
dois	40
olho	9
ta	75
inchado	5
kkkkkkkkkkkkk	1
grande	7
outro	17
pequeno	1
deu	63
dipirona	123
posso	35
4	19
2	81
lyrica	6
1	61
carbamazepina	9
ainda	90
o.	15
levantei	9
corpo	43
vulgo	2
amor	13
passo	13
quarto	3
escuro	2
intensa	7
vertigem	2
acho	60
ser	67
conta	13
diminuíram	1
faz	48
mês	10
n	88
rosto	13
gel	4
comprar	8
protegor	2
anti	31
usar	10
nada	73
creme	11
fico	28
relaxante	7
muscular	15
550	2
mg	47
naproxeno	12
tratei	2
logo	29
t	4
crises	11
amanhã	16
sentir	33
tá	105
sangue	30
ideal	4
causaram	2
milhões	2
mortes	3
aumentar	11
risco	9
doença	43
cardiovascular	2
molina	1
ent	2
nao	72
remedio	33
colica	4
aprender	1
viver	6
vicia	20
indo	5
garganta	86
inflamada	2
pois	23
levar	8
pessoa	17
coma	8
ter	93
lesões	2
cerebrais	2
irreversíveis	2
vivem	2
base	15
ataca	11
sinusite	13
viciado	1
álcool	27
cuide	1
dia	51
possa	2
ir	24
embora	6
igual	32
pânico	10
eterno	1
hj	19
agora	84
aguenta	2
penicilina	15
adivinha	2
passa	78
antibiótico	5
18	1
10	11
médica	11
captropril	1
aguentar	13
aí	68
senhor	3
unimed	2
edema	2
sentindo	33
febril	3
puta	13
imaginem	1
eventual	1
passar	43
falta	83
extrema	4
agitação	7
irritabilidade	1
vontade	12
chorar	6
overdose	3
gripe	10
doendo	6
kais	1
cigarro	19
ja	31
eh	38
snrz	1
vo	8
larga	1
sentiu	1
fica	23
baixo	6
demais	29
geralmente	4
ocorre	2
possui	6
vai	98
acordar	5
preciso	15
750	6
famosa	1
sabendo	1
naratriptana	11
única	8
coisa	40
resolve	13
qdo	5
ataco	2
antes	10
tipo	38
g	9
médico	28
deixar	9
diminui	7
vista	2
alcoolico	8
enfiando	1
agulha	3
injetar	2
derrama	13
pele	31
excita	13
paciente	4
muitas	4
vezes	26
pariu	4
paracetamol	55
comprimido	20
500	8
ml	1
ver	57
si	13
bastante	24
lidar	4
juntas	1
famigerado	3
vicio	6
minutos	4
dps	4
jantado	1
famigerada	1
ansiedade	85
deus	15
livre	2
estoque	9
20	8
1x	1
jejum	8
cortasse	1
fodida	3
miga	2
quase	40
todos	22
dias	35
vc	65
usou	3
enfia	1
cu	10
cartela	5
barriga	14
segundo	2
chá	22
seca	14
compra	7
mel	1
aliviar	22
regina	1
dar	29
merda	16
contra	75
tanto	24
noção	3
sendo	13
kit	2
omeprazol	127
típica	1
tomou	26
goró	1
noite	22
anterior	2
rolar	2
bolovo	2
groselha	2
gordura	2
carboidrato	2
sono	34
dms	3
cara	26
vacinou	1
arma	1
sonho	2
poder	12
diclofenaco	6
vossa	1
put	1
perna	9
berebenta	6
nenem	6
vacina	20
governo	3
temer	3
minuto	5
descanso	3
tosse	11
palpitação	6
aperto	12
peito	16
músculos	18
tensão	19
nó	7
descontrole	18
tremor	22
preveem	1
gravidade	1
pós	14
parto	3
www	38
bancodasaude	1
noticias	5
niveis	2
bebendo	3
cacete	1
levantando	1
surte	1
salvando	7
mental	6
demasiada	1
vou	92
acabou	14
antiácido	3
aqui	39
casa	19
daí	10
lembrei	7
acorda	6
monitoramento	1
consumo	3
principalmente	5
quesito	1
desceu	8
quente	13
45	2
cedo	8
andando	1
apoiando	1
paredes	1
continuo	6
mesma	9
diminuia	1
pouco	23
intensidade	1
morrendo	32
pílulas	2
raiva	6
humana	4
mato	6
grosso	4
tecnicodeagronegocio	2
blogspot	7
2016	17
12	15
cortam	2
anticoncepcional	9
assim	25
tenta	4
esconder	2
atras	2
fumaça	3
prazer	5
nicotina	17
embebeda	1
vodka	1
sódica	3
tira	61
resolveu	5
entornar	2
caneco	2
chorando	8
pitangas	1
tendo	8
experiência	2
tanta	38
cura	37
nitroglicerina	3
pastilhas	1
melhor	35
apareceu	3
vida	40
únicos	1
tiram	7
tbm	16
neurotica	1
lidocaina	1
vende	4
farmácias	3
manhã	13
pensei	1
desde	18
hora	19
acordei	17
desmaiei	2
nimesulida	83
barba	2
passam	4
saber	12
usam	3
tantos	2
nomes	1
msm	10
cloridrato	6
sertralina	21
aumentou	6
areia	1
azitromicina	5
adultos	1
autismo	1
maior	13
dessa	38
alivia	20
depressão	63
preguiça	5
deixa	22
almoçar	1
djaojdsoso	1
indisposta	1
coca	1
obviamente	1
cimetidina	4
8	24
ciclotimia	6
gastrite	89
alcoólico	18
facil	1
kkkk	4
aproveita	2
samu	2
prontidão	1
porque	31
inferno	4
adquiri	2
pessoal	3
esperar	7
di	3
hidratada	3
vaginite	2
inchaço	7
vagina	1
cefaléia	2
serotonina	14
dopamina	4
3	18
fazem	9
umas	16
desgraça	4
responsáveis	2
afeto	2
paixão	2
acabar	19
tentam	1
adiar	1
h1n1	2
menino	3
anos	10
cair	3
toalha	2
meia	6
perdida	2
parar	20
meio	11
remédios	19
atolados	2
cafeína	15
propósito	1
aguento	19
nessa	9
namorados	2
presente	3
sabe	13
stress	6
sabor	6
xarope	8
derrubou	4
subiu	1
parede	3
veio	4
vem	20
vindo	2
dona	2
morte	13
quer	18
vício	4
cocaína	5
estudos	3
tratamento	49
confusa	1
cuida	3
caso	10
controlar	17
fluoxetina	18
laxante	1
usava	2
tomando	70
tóxico	1
morrer	17
bi	3
profenid	3
depende	6
infecção	2
td	9
kkkkkkkkkkkk	1
mt	37
problema	11
22	3
23	2
40	10
agr	10
fala	6
receitamos	1
consultório	1
escreve	1
vó	7
ate	14
cachorro	2
nervoso	2
fumar	7
tente	3
soluções	1
naturais	1
bispomagalhaes	1
09	2
analgesicos	1
podem	13
causar	18
depend	2
ncia	4
abacate	1
ingira	1
fritando	2
mente	6
resistirmos	1
estomago	54
masculino	1
ar	8
pura	2
passaporte	2
compulsão	2
iria	1
fazer	41
conrad	1
rinite	4
aguardando	2
upa	1
aparentemente	3
diminuir	16
falando	3
sério	5
trigliceridios	1
nd	7
haver	1
alguma	15
d	41
acompanhada	1
sintomas	24
juntos	8
loratadina	15
definem	1
palidez	2
exaustão	2
crónica	5
inflamatório	24
né	21
ótimo	22
gente	31
poucos	5
redacaoespirita	4
https	9
br	21
artigo	2
amarela	8
pro	32
tocantins	1
algueeeeem	1
pai	4
levava	1
justo	1
final	3
semana	24
capsula	2
aparelho	6
serve	36
testar	1
rícino	4
evitar	11
diariamente	2
manter	3
funcionando	2
horários	1
certamente	1
consegui	4
comer	69
amoxicilina	11
funfando	2
slc	2
cabeça	99
coceira	8
ajudou	3
afu	3
seloco	1
mó	2
aguentando	7
antialérgico	8
tds	6
novalgina	4
lá	11
faxina	1
remedinho	3
varrer	1
cinco	1
lixar	1
tudo	37
vi	3
youtube	2
passando	2
tylenol	12
chego	2
antiinflamatório	4
15	3
amo	8
transformarei	1
personificação	1
certo	4
trouxe	3
enfartar	1
antiinflamatórios	6
ai	49
causando	4
ouvi	4
dizer	4
corta	4
fome	49
receitou	6
aliás	2
capeta	1
diminuiu	3
levou	3
envenenamento	1
fácil	4
rolê	1
vdd	1
lugar	6
estaria	1
desculpa	2
emoção	2
colocava	2
bolhas	2
benzocaína	1
sair	6
entro	10
alérgica	5
anal	5
mal	29
cabeca	2
contem	2
lexotan	2
encho	2
rabo	1
naramig	5
qualé	2
acabando	2
anticorpo	1
responsável	1
bons	3
quero	22
algo	12
faça	2
ficando	10
coluna	11
quadris	4
84	4
favor	6
dorflex	22
caralhos	1
fdp	4
achou	2
bêbada	4
soro	10
mil	10
ritalina	1
disse	13
importante	5
aliado	5
desidratação	2
causada	15
diarreia	14
dr	3
taiguara	3
tfd	3
consultoriomedico	3
news	5
zinco	7
desidrata	3
c3	4
a7	2
a3o	2
indicado	7
pacientes	5
óleo	5
côco	2
ansioso	1
deve	24
sido	1
ficou	3
descobrir	4
criada	1
min	6
dente	9
suave	1
vão	3
mandar	3
miserávi	1
povo	1
soltando	1
jamais	2
usem	2
isotretinoina	2
alcóolico	2
apresento	1
nenhuma	5
almocei	2
primeiro	1
dramin	16
acido	6
mefenamico	6
dei	11
enjoo	17
espero	14
amenize	1
eduarda	1
fazendo	10
rir	1
kkk	9
showzinho	1
ódio	2
seila	1
uns	18
60	7
chiclete	1
conseguir	6
starter	18
pack	18
vitamina	36
jaja	3
porra	13
continua	12
tramal	3
sinto	22
vivo	5
doente	6
cheia	7
aijskmcla	1
sdds	5
estresse	10
359	1
70	5
homens	1
67	1
apneia	6
grave	3
iah	1
49	1
mostra	2
benefício	1
der	1
dissolvida	1
copo	4
tchau	1
200	3
aerolin	2
perto	6
usado	6
maioria	1
inflamações	1
idosos	1
inúmeras	1
osteopatias	1
adianta	6
amidalas	1
manchas	2
desentope	1
pia	1
bate	6
mto	7
pensando	5
700	2
ve	5
karaoteca	1
tocou	1
work	2
esqueci	10
ufpa	1
existia	2
similar	1
descobri	7
piora	7
toc	3
parece	21
sob	4
edredom	1
telha	2
gota	3
culto	3
iurd	3
ninguém	7
merece	3
calor	13
inflamatorio	1
etc	21
ficar	36
dica	8
normal	5
1dipirona	1
apaguei	1
diversas	1
terceiro	1
cada	7
8h	5
banda	1
após	3
intolerante	1
lactose	2
glúten	1
vamos	6
aa	1
essencial	2
qro	1
prescrevendo	2
lítio	4
inclusive	10
sabia	24
mandou	10
c.	12
tentar	22
claro	8
devo	8
doida	6
lábio	2
poluição	4
polaramine	2
ajuda	40
salva	2
azia	57
50	11
caxumba	4
mo	1
seguintes	1
opçoes	1
neutralizar	1
ldl	1
velho	1
bolsa	8
melhorara	1
dores	15
salvou	7
ajudava	1
cílios	5
celulite	4
acne	6
funciona	10
vix	2
pt	7
beleza	5
537169	2
oleo	2
cilios	2
pomada	7
glicerina	2
morre	3
oficina	1
telhas	1
voltava	1
brighton	1
aliviasse	2
sentia	2
desmaia	1
hospital	13
usa	2
lipidios	2
cresce	2
musculo	2
fraco	2
insuficiencia	2
perda	2
urina	2
pouca	3
sal	7
fármacos	2
budesonida	1
popular	2
anticonecional	1
dura	3
horinha	1
dai	6
apelido	1
tome	4
laranja	4
culpa	6
combate	9
retinóico	1
tretinoína	1
buscar	2
cai	5
libido	6
trombose	1
novinha	1
qualquer	21
tiabeth	2
index	2
php	4
2015	2
08	8
06	2
genteel	2
nova	3
lanceta	2
realizar	2
testes	2
alta	19
bendita	2
pulmão	4
corre	7
veias	5
mata	6
coração	17
lenta	2
gotas	15
acalmar	3
pior	15
refluxo	10
98	2
87	2
gado	2
amiga	21
procura	7
fique	3
atenta	2
longo	1
sentr	1
pesado	5
fluoxetinano	1
sus	1
fiz	9
exame	5
qnd	8
núcleo	1
acumbens	1
risperidona	4
tdahcriancasquedesafiam	2
01	3
tdah	2
conservadores	1
carinho	1
paroxetina	12
isolação	1
injetável	1
fzr	1
insuportavel	1
30	4
chapeco	1
todo	24
reflexo	1
fraqueza	6
guardado	1
pqe	1
miguel	1
li	4
erro	1
atinge	1
nível	4
master	2
1000	1
louca	3
esperando	3
fiquei	15
parecendo	5
avatar	1
negócio	3
namorada	1
nesses	4
momentos	5
amoxilina	10
advil	3
mano	5
sujei	1
jaleco	1
orientação	1
exemplo	6
começo	4
ovários	2
policísticos	2
colesterol	10
triglicerídeos	2
alto	4
resistência	3
insulínica	2
úrico	2
ácido	5
inflamatórios	4
esteróides	2
resisto	2
bravamente	2
chorei	3
facul	1
excesso	31
debilidade	2
viadagem	1
boiolagem	1
baitolagem	1
fatores	1
querendo	5
lágrimas	1
i	2
love	1
comi	5
cê	3
poesia	1
inocência	1
mina	3
ruim	18
quanto	10
escapar	1
sim	30
deveria	1
continuado	1
manu	1
ng	1
qt	1
toda	26
ciume	1
trato	1
emprestar	1
princesa	1
viagem	1
compro	3
aprendo	1
aff	2
pensar	7
alô	2
picos	1
animal	1
alec	1
matar	7
próxima	5
crise	39
jogar	3
pelada	1
kkkkk	6
comecei	11
amanha	3
internet	3
100	5
impuro	1
adere	1
forma	6
camada	1
pardacenta	1
chaminés	1
estudassem	1
barraca	1
ato	1
beijar	3
aumenta	10
níveis	14
alcoólicos	1
misericórdia	1
vomitar	2
adiantando	1
procurar	2
setor	1
chuchu	1
compressa	4
portalnoar	1
voce	3
puder	1
livrar	4
cocaina	1
picada	1
pesquisadores	2
desenvolvem	2
evoluí	1
urovit	1
tb	8
eficaz	12
terapia	3
crohn	1
a.	25
gostei	1
vídeo	2
youtu	7
be	7
qu	1
pod9je0w	1
verdade	3
síndrome	2
coxas	2
cheio	4
sinuste	2
proflam	1
sobrancelha	1
caia	1
alguns	10
medicamentos	10
alimentos	3
contêm	3
sensação	9
clonazepam	1
fazia	2
hortelã	1
erva	2
doce	6
tirar	29
colocar	6
zolpidem	11
abaixe	1
extremos	1
demora	2
24	3
48h	1
começar	6
agir	2
absolutellyputaço	1
muuuito	2
vejo	4
caro	2
gera	3
grita	2
zikatop	1
tremendo	2
vixi	1
odeio	11
pessoas	11
precisando	4
crônica	10
associada	2
alterações	3
metabolismo	2
corassaum	1
acelerado	3
salada	2
cheik	1
jante	1
faço	8
hidro	1
pilates	1
emagreco	1
grama	1
má	34
digestão	4
enjôo	11
vei	3
xylocaina	1
cm	21
payot	1
tristeza	20
mundo	6
quatro	3
comprimidos	6
c	37
sai	6
além	13
inflamação	7
cad	3
oremos	2
puts	2
coisas	9
rsrrs	1
limpar	1
fogão	1
melhorar	9
cha	1
realmente	5
alívio	4
cérebro	9
afastar	1
bêbado	2
contorcendo	3
curei	1
liberação	6
horrível	16
droga	20
tique	1
cascas	1
sangrar	2
sobre	2
plaquetas	1
90	2
desmaiar	1
torna	1
impossivel	1
normalmente	5
redução	1
ligadão	1
injetando	1
caracterizada	15
elevação	11
ajudar	10
ótimos	2
tomado	13
eritromicina	1
vonau	3
flash	3
caralho	8
demonio	2
problemas	6
respiratórios	6
banhos	2
carbonato	1
esquisita	2
começou	6
falaram	1
comum	1
desenvolver	1
começando	3
projeto	1
cagado	1
terminar	1
morna	3
acidez	2
acham	2
cloreto	6
sódio	9
ureia	4
composição	3
tecido	1
estará	1
flor	3
dobrei	1
dose	9
pos	3
op	1
la	7
bota	1
empunhando	1
macheza	1
talvez	1
substituir	1
mulher	5
fraca	5
mta	6
alzheimer	3
andropausa	11
consultasemapas	3
cansaco	2
cansaço	4
testosterona	8
fé	1
enquanto	6
direito	6
melhorou	2
fitas	1
agulhas	1
achei	8
maravilhoso	5
dormi	5
e.	3
m	9
salve	1
parado	1
acontece	7
campanha	1
novembro	1
fudida	2
pfvr	2
exatamente	1
gosta	3
diazepan	3
valeriana	1
captopril	3
intervalo	1
suporto	3
agravada	2
dozinha	1
smyrna	1
groguinha	1
resolva	4
chamado	9
fernega	1
canal	2
pensa	4
opa	1
querido	1
diabete	2
todas	5
cores	1
sexta	7
haha	2
11	4
5	13
25	7
marcely	1
consigo	7
três	3
versões	1
divertida	1
conselheira	1
depressiva	1
ataque	3
digam	1
aguentam	1
ensinei	1
foda	18
lindo	4
recuperando	1
decência	1
vive	3
nenhum	16
aceito	2
emprestado	1
casos	4
afita	1
pegar	5
pegando	1
denuncie	2
novo	11
tais	2
estress	6
partido	4
uso	20
ressaca	4
moral	7
feliz	3
acordada	3
afta	10
resumao	2
adolescente	1
entra	6
explode	2
organismo	8
provoca	6
arder	2
insuportável	8
hidrate	1
beba	1
dayse	3
anulam	1
eficiência	1
barato	5
anfetamina	1
acetilcolina	1
nicotinico	1
muscarinico	1
n.	20
cansada	1
aplica	3
10mim	4
2dias	2
ce	6
causou	3
suba	1
fose	1
un	1
tinhca	1
caminha	1
desejo	3
pecado	1
descarrega	1
próprio	4
gosto	19
cima	8
café	22
acabo	1
dopando	1
volta	4
betametasona	6
nome	6
vítor	1
hugo	1
encher	2
sobe	2
escrito	2
autora	1
melinda	1
salisbury	1
portal	1
caracteriza	1
hiperglicemia	1
ultimamente	3
mamando	1
engole	3
pqp	8
dependente	1
entubado	1
bromazepam	1
espinafre	1
verdura	1
rica	3
aminoácidos	1
boa	14
fonte	1
minerais	1
função	2
aumento	12
hormônio	7
progesterona	1
fb	1
4zbg9l3	1
subway	1
inimigo	1
detestava	2
textura	2
lama	2
acordo	4
ridícula	2
lembro	1
parei	6
uai	2
app	1
noticia	2
196786	1
contrario	1
shtml	2
vícios	2
fumo	3
fumantes	2
tratava	1
animais	1
criança	3
meninas	2
sabiam	4
coco	3
virou	2
antinflamatorio	1
analgésico	10
paro	7
abaixa	11
completamente	8
imunidade	9
enxaqueca	19
médicos	1
sempre	16
falavam	1
tetano	2
mei	1
braco	1
duro	1
dolorido	1
doorroorrrr	1
salvar	2
ler	1
bula	4
zilhões	1
continuar	4
nebulização	1
supera	1
corno	6
frio	18
melhorei	2
engoli	1
perguntei	1
composto	5
improvável	2
complicações	2
oseltamivir	1
derrame	1
pah	1
jogo	2
hr	3
entrevistas	1
emprego	1
virada	1
virtual	2
podiam	2
lado	3
metabólica	3
decorrente	1
anormal	4
necessito	1
morreeeendo	1
outros	3
antibióticos	1
matado	1
galactose	1
arranja	1
servia	1
começa	4
doer	6
baixar	7
levam	1
over	2
the	3
counter	2
without	2
prescription	2
tamoxifen	2
tamoxifeno	1
agra	1
maconha	4
moderador	1
humor	5
amitriptilina	4
prevenir	6
sementes	1
abóbora	1
ajudam	5
obrigado	2
insônia	19
sonolência	8
boca	15
náusea	4
exaustao	1
virar	1
noites	3
assistindo	1
series	1
trabalhando	1
espirrar	1
dê	4
suando	2
6	16
meses	6
idade	1
sofrer	1
emagrece	6
come	5
acaba	13
abdomina	2
umbigo	2
abaixo	1
tempo	15
motivos	7
vendo	2
estudar	2
cadê	11
chocada	1
amém	1
acontecido	1
colaboraram	1
queria	10
litros	4
diabético	4
aferir	1
vivendo	5
gnt	1
tiro	6
olhar	5
kd	2
desgraçada	7
venlafaxina	5
375	2
comparada	1
beber	18
paninho	1
úmido	1
verão	2
conversar	1
passava	5
homem	2
gastroesofágico	2
eufórica	1
recuperei	1
71938292	1
tipos	1
buscopan	31
ibupril	4
estomazil	2
conheça	11
formas	4
tratamentos	4
berbrrbbrhbrhbrhr	1
duas	7
durante	9
espumando	1
parou	4
pegou	1
valendo	1
abstinência	9
esquecido	2
gritando	3
bora	2
tacar	1
inverno	3
tpm	3
cagada	3
dermatite	2
rosácea	1
tou	4
herbert	1
induzida	1
buscofem	1
arrepiada	1
posto	4
consumido	1
galera	2
tirando	3
saco	2
inteiro	5
utilizado	2
epilepsia	2
mudou	1
cheios	1
cerebro	2
produz	4
receptores	2
qd	2
salvação	2
cantos	1
apenas	4
tratar	4
diabetes	9
queda	5
amenizar	9
virá	4
naridrin	4
funcionava	3
agua	7
ibiprofeno	2
dormido	2
d.	9
momento	6
consegue	8
confusão	1
ia	12
desinflamar	4
k	40
reclama	1
ahh	2
barra	3
chocolate	4
cama	5
acorde	1
ergometrina	6
hemorragia	6
antifúngicos	9
antiácidos	9
entonox	9
ig	9
k.	22
synespramid	9
metoclopramida	9
dolantina	4
alumbramiento	2
vómito	4
solución	4
ultra	2
r	3
mx	2
dochtm	2
31222	2
htm	2
l.	2
systemofasuco	2
açucar	2
ah	6
bá	1
massagem	1
jahnocamando	1
xilocaina	1
botar	3
dna	5
instituto	6
nacional	6
doenças	7
infecciosas	4
segunda	1
literatura	1
rotina	1
teste	5
rezar	1
codeína	2
conhecido	3
tylex	4
fosfato	1
papelão	1
feito	3
atacou	10
micose	1
sabonetes	2
camarão	1
metal	1
suficiente	2
descubra	1
exercício	1
tmb	1
entrando	2
vinda	1
saiba	2
cavernal	2
right	1
now	1
mds	5
quis	1
q.	2
desencadiei	2
pergunta	2
sla	3
ne	5
cataflan	2
tendinite	1
marido	2
hector	1
babenco	1
gata	1
teto	5
eis	2
resultado	10
infernal	4
colírio	1
am	1
supus	1
gastar	1
fortuna	1
ano	5
falar	3
dúzia	1
lembrar	3
junto	7
unidos	1
magico	2
baratinho	2
chamo	3
devido	4
orgulho	1
meudeus	1
cheira	2
intestinal	3
bulimia	1
crl	1
sofro	3
duplo	1
ando	2
equipo	1
porem	4
pozinho	1
fortissimo	1
tomba	1
porém	16
generalizada	1
descontada	1
outra	9
sugestão	1
vinagre	2
bochechar	1
mexeu	1
cmg	1
substância	3
reduz	5
estados	1
dormiu	1
amigos	2
dizendo	3
medir	5
torcendo	2
bomba	3
vinho	2
sentido	5
tar	1
caramba	4
capsaicina	1
alguem	4
atingir	1
apocalíptico	1
plantão	3
nuca	3
cachorra	1
289	2
pés	2
arcoxia	2
piroxcan	1
hormonas	2
associadas	2
antitetânica	1
mandada	1
gostosinho	1
imagina	6
sede	1
chega	3
esc	1
escitalopram	3
funcionar	4
preparar	4
.	11
madrugada	9
neomicina	2
temperar	1
frango	1
encima	1
chapa	3
melhore	1
bicho	3
alimentação	32
bebês	1
frança	1
recomendar	1
atrasadoc	1
dependencia	3
deja	1
ni	1
crtz	2
parte	6
disso	6
morro	11
va	1
ferrei	1
comida	2
neosaldina	9
unico	5
estimulando	1
pensamentoe	1
omeoprazol	1
manha	5
pepsamar	1
insisto	1
entupo	2
metade	1
melatonina	1
dorzinha	2
chata	3
braço	15
sodio	12
clareia	2
dentes	4
bochechos	1
qndo	3
morno	1
barulho	1
chuva	2
citalopram	1
baixou	2
contrada	1
piorou	3
costas	7
demorei	1
1h30	1
radiografia	1
caixa	11
existe	6
rapaz	3
represa	1
violência	1
guarda	1
tvcamara	1
crescer	3
cuidar	1
lista	3
sonrisal	1
cris	6
digesan	8
inderal	1
melhorado	2
afetou	1
mau	1
desconforto	2
arrumar	1
relacionadas	1
felicidade	5
melhorava	1
precisa	9
origem	3
seres	1
humanos	2
doq	1
dependência	9
alcool	2
drogas	6
uísque	2
trabalhar	2
taurina	1
livrai	1
bicarbonato	5
nimesubal	1
catalisador	3
dehalogenação	3
desidro	1
halogenação	1
koh	1
medicamento	16
gabriel	1
tremedeira	3
chegar	1
rio	3
menas	1
tonta	1
atroveran	4
tandrilax	5
norfloxacino	3
sistema	2
acompanhar	2
adivil	1
chegou	3
febrão	2
m.	2
coragem	2
comentei	1
aine	2
curou	1
thanks	1
god	2
escroto	1
alérgico	2
algum	13
fones	1
ouvidos	1
destruiu	1
básico	2
trata	1
tramadol	6
dão	6
resolveria	1
pffff	1
beijo	2
timeline	1
infernos	4
relação	2
espinhas	6
prepare	2
insônias	2
fodeu	1
natural	13
indico	4
migu	2
dou	1
segundos	1
sol	3
temperatura	4
neste	3
lucas	1
sozinha	2
sepa	1
certa	1
reinaldo	1
jogava	1
ausência	1
sumiu	4
contar	1
mentira	1
feio	2
ninguem	1
substitui	1
feira	1
infantil	4
mili	1
colher	6
cinomose	16
canina	16
fases	16
ribavirina	14
comprerural	9
doenca	9
conheca	9
claracmiranda	11
pzm21	3
causaria	3
maldito	2
cp	1
exames	1
ok	4
obrigou	6
linda	2
mae	6
qm	3
biológica	1
produzir	4
endorfina	1
obrigada	3
segura	1
siso	3
dentro	6
diet	1
vitao	1
leite	7
lacta	2
bater	3
horrivel	1
ingeriu	1
sind	1
panico	2
vários	3
vidrinho	2
daquele	2
recomendavel	1
questão	1
ética	1
cientifica	1
financeira	1
justificam	1
indicações	1
louco	2
foco	3
fogo	2
banana	2
deusa	1
chamada	4
vez	31
frita	1
chapada	2
simplesmente	2
contém	10
tatuar	1
xilocaína	4
abuso	1
absorvente	2
band	4
aid	2
borrachinha	2
muitíssimo	1
escopolamina	1
chama	4
pensand	1
bruta	1
química	8
traz	5
geladeira	1
sente	24
escutar	1
música	2
acontecem	1
libera	8
deixou	7
obesidade	8
nariz	20
escorrendo	12
vibral	9
benegripe	6
6h	4
buscopam	4
concentração	2
reduzida	1
noradrenalina	1
ipialgumacoisa	2
cecizilla	3
hahah	3
seguir	4
inteira	3
neuro	2
transmissores	1
diminuindo	1
deixem	1
gowther	1
químico	1
instagram	2
beilj1jl9	2
i.	2
ruído	4
oxitocina	1
lésbica	1
genérico	3
ajskajs	1
franol	4
experi	2
relacionada	1
déficit	1
leve	6
passeada	1
céu	3
tempos	1
descontar	2
aceitar	1
comemoração	2
prova	2
voz	1
gracyane	1
barbosa	1
economizar	1
dinheiro	2
liberei	2
suor	3
miojo	1
enfim	1
alada	1
burp	1
ouve	1
gastro	2
trabalhos	1
listas	1
provas	2
livros	1
afeta	2
humano	2
açúcar	2
14h	1
medo	10
serviço	2
horário	1
hrs	5
profunda	1
quantos	3
pedaços	2
bolo	2
quiser	2
cuidado	5
seis	2
nutrientes	2
amenizada	2
reduzir	6
mortalidade	2
hospitalização	2
insuficiência	1
cardíaca	2
portando	1
aquecer	1
locas	1
ardência	1
geral	2
perninhas	1
baita	4
rapido	1
nisso	1
devia	4
poracaso	1
jogam	1
tampinhas	1
cortar	5
eaif	2
org	3
kkkkkk	3
motilium	2
extrair	1
séptico	1
lidocaína	5
cárie	2
bofe	1
bateu	2
hello	2
u	3
u.	2
jeito	10
adapta	4
deram	5
transparente	1
coloca	2
bromoprida	6
usada	7
outras	10
neurológicas	2
psiquiátricas	1
bipolar	1
passado	2
compre	1
vcs	5
izabelle	1
akakaka	2
maaas	1
recebendo	2
recuperar	1
comigo	6
psicossomatização	1
saudades	4
chorra	1
diz	7
divalproato	11
fodaa	1
valeu	4
troste	1
concentrada	1
vencida	1
mão	4
absurdo	1
marca	1
tópica	1
bebés	1
papo	4
chapei	1
custa	2
zika	3
bebo	1
cade	4
drama	1
frescura	2
querer	2
provocar	2
quê	2
ngm	14
onibus	1
repente	1
consequentemente	2
vomite	1
reclamando	1
tabaco	1
efisemapulmonar	1
fervilhando	1
caldeirão	1
explosão	3
choro	7
vê	7
frente	2
ficava	2
pergunto	1
confio	2
carbolitium	2
pastor	4
fuma	5
viva	1
corticóides	1
chazinho	1
descubro	1
cerveja	2
protetor	2
auricular	1
oh	4
ouvido	9
completar	4
lavar	3
liquidificador	1
observamos	1
conter	1
agronews	2
tv	2
deitada	3
correndo	1
abençoado	1
bb	2
ponto	2
puro	4
qqqqqqqqq	1
ricos	2
farmácia	15
moça	2
motivo	5
corrente	1
sanguínea	1
cozinha	4
guri	1
faria	1
poupado	1
antidiarreico	1
trânsito	1
reduzindo	1
ocorrência	1
desse	3
professor	1
fatia	2
pizza	2
cria	1
pelicula	1
impede	1
queimação	3
nf	2
tomem	4
voltando	2
comprei	1
voltar	4
sentiram	1
seguida	2
caiu	4
indicar	2
tenso	2
santa	4
ranitidina	10
tandene	1
maratona	2
tynelol	2
escondem	2
amostrinha	1
básica	3
tortura	1
pré	2
amenizando	1
oibenke	1
esqueceu	2
conhecia	1
dessas	2
receitas	1
essência	1
baunilha	1
atacando	2
prefeitura	1
liberar	1
ti	3
kk	2
trabalhada	2
rins	5
errada	2
surreal	1
dedaleira	1
onde	3
extraída	1
recomendaria	1
pd	2
aski	1
churrasco	1
chapas	1
cefalexina	2
ajudaram	2
olá	1
tranquilo	1
magnésia	1
hidróxido	3
alumínio	3
última	1
precisou	1
enfermeiros	1
evaporou	1
componentes	1
clara	1
imagem	1
frutas	1
secas	1
biscoitos	2
recheados	1
frutassecas	1
zerograss	1
utilizados	2
sr	2
rita	2
manda	3
msg	2
verduras	3
peço	1
durmo	3
trabalho	1
caio	1
dilma	2
cinema	1
deboas	1
alimentado	1
traficante	1
morfina	7
qje	2
rímel	4
gatos	4
recomendado	1
daryl	1
alprazolam	12
fórmula	2
oportunidade	1
exclusiva	2
individualizada	1
glicemia	2
transmissível	1
elevados	2
bloqueador	1
aliviada	3
cantina	1
tentando	1
enfiar	1
h	1
pharma	1
solar	1
tacaaaaa	2
pleno	3
século	15
criaram	2
mijar	1
pressao	3
reações	1
bioquímicas	1
soh	1
reclamei	1
causadora	1
á	4
tranquilamente	1
20ui	1
insulina	2
regular	2
esquizofrenia	1
suína	1
hehehe	1
aiaiai	1
saudade	2
paraxetamol	1
2x	1
figado	2
dava	6
fode	1
spjijspaj	1
poderoso	4
demência	1
envolve	4
pesada	2
empatia	4
relacionado	5
prozac	2
potente	2
advinha	2
aplicaram	2
gramas	1
pastilha	7
strepsil	1
sofrem	1
avanço	1
global	1
petróleo	1
branco	2
interessa	1
américa	1
latina	2
g1	2
globo	1
economia	1
04	1
dengue	4
cão	2
taca	3
lê	1
pau	1
reação	3
história	2
kkkkkdipirona	1
travei	2
antipirético	5
alivio	8
eliminar	10
brisa	1
adoro	2
chapado	2
adrenalina	3
juro	2
acreditando	1
0	7
03	3
física	4
psicológica	1
altas	4
doses	7
corticoide	5
hauahau	1
af	1
senhora	3
afins	1
verdes	1
magnésio	5
facilita	1
ida	1
escola	3
triste	2
paralesia	1
20h	1
acordando	1
recorrente	2
familia	2
doentes	2
levaram	2
preta	2
faixa	7
hidrocortisona	2
parenteral	2
ppr	1
compostos	1
trazer	1
falei	6
aliviou	5
pescoço	2
apelar	4
travar	2
voto	1
beserol	2
cataflam	2
neurótica	1
meleril	1
cartelas	2
autoimune	1
incluir	6
150	5
venlift	3
prolongada	4
torval	1
puf	1
desconto	1
qq	3
butilbrometo	1
algumas	3
calmante	3
mm	3
ma	4
identifico	1
evitando	1
cefaliv	1
boooomm	2
queima	1
direto	2
sabes	1
veterinario	1
sinot	1
clav	1
alturas	1
monografia	1
provavelmente	3
acordeu	1
explodindo	1
tals	2
machuca	1
indutor	2
coleira	1
urinar	1
banheiro	2
faltou	1
sentirá	2
sugiro	2
fortes	7
constantes	3
use	2
aloe	1
vera	2
façam	2
gargarejo	2
liberada	13
venda	8
deliberada	8
cirrose	9
eventualmente	1
salga	1
abdominal	4
componente	1
loka	2
varios	3
sê	1
nitrazepam	1
temperaturaelevada	2
constipação	6
náuseas	7
cefaleia	6
consultou	1
diagnosticou	1
fizer	1
afastam	2
pensamentos	1
milagroso	3
receitando	1
uréia	1
glicólico	2
salicílico	2
hidrata	3
pros	1
jogadores	1
falam	1
oxido	3
magnesio	3
paco	2
compp	3
acaso	2
vir	2
saquinhos	1
show	3
cetoconazol	2
proprionato	3
imunização	2
antígenos	1
externos	1
define	1
pingando	1
descontava	1
flunarizina	3
atacar	3
epocler	9
eno	4
possível	3
forçou	1
lembranças	1
pretende	5
causam	8
neurônios	2
ceticismo	3
net	3
2009	2
17	2
taxas	3
benzetacil	1
enxak	2
despencou	1
estranha	1
porq	2
pera	2
farmacêutico	3
retardado	1
bebibda	1
suplemento	3
desenvolvido	2
auxiliar	2
b6	1
juntam	1
refrigerante	1
massa	2
coitada	1
único	6
malzona	2
hosp	2
tres	2
piorava	1
banho	2
santo	3
ânsia	4
ressecada	1
adivinhem	1
hibisco	1
extremidades	2
dormentes	2
brinquem	2
abstinencia	2
lingua	1
dormente	1
bradicardia	1
digo	1
vitaminas	3
caneca	1
completei	1
coçando	1
prevejo	1
infernizar	1
desce	2
engov	6
plasil	4
chão	4
litio	6
loca	4
lembrava	2
00	2
anorexia	1
gora	1
daqui	7
qqqq	1
leva	2
meninos	2
marrentos	2
parrudos	2
murro	2
súbita	1
angústia	2
soluçâo	3
ardendo	2
injeções	1
sofrimento	3
família	1
pobi	1
chora	1
pegava	2
negocio	2
hipoglicemia	3
largar	3
vomitando	1
ajudando	3
dosagemdoparacetamol	2
posologia	1
amorzinho	1
planejar	1
nadolol	2
atenolol	2
betabloqueadores	4
principais	6
contraindicações	3
blog	6
prefiro	5
usual	2
remedios	4
pais	2
devem	1
coroas	1
tomam	1
tropinal	1
resolvi	2
férias	1
falou	3
vírus	2
ex	2
sarampo	1
vacinação	1
aloka	1
3h	2
classe	2
arrumando	1
cbç	4
fila	1
surtar	3
voa	1
coloquei	2
debaixo	2
língua	2
tomai	2
muitooo	2
sabonete	5
minas	1
cheirosa	1
perfumados	1
cheirando	1
sabão	1
provar	2
lixo	6
iodeto	1
potássio	1
incontrolável	1
ferrada	1
podia	3
bêbe	1
bgl	3
par	3
tilenol	3
cd	1
amado	1
batista	1
bobs	1
ejaculação	1
retrógrada	1
entrei	1
salvado	1
perdeu	1
filha	2
nervosismo	5
flex	1
canela	1
camomila	1
grt	1
msmo	1
vizinho	1
gravida	1
trampo	1
dengo	1
dedo	1
quebrado	1
patrocina	1
porreta	1
carbohidrato	1
coiso	1
gelado	2
pare	2
acordado	3
maquiagem	1
escondendo	1
krl	1
anestesiar	2
emagrecimento	1
usei	2
trem	1
muitooooo	1
proibidos	1
aminoácido	1
oferece	1
muitos	1
benefícios	1
podendo	3
infarto	1
garanta	2
bombinha	4
comia	1
dieta	2
corticosteroide	2
irritação	1
adiantou	3
suorzao	1
quantidade	1
pastéis	1
causem	1
interação	1
pede	5
sulfadiazina	1
prata	1
fato	1
ampla	1
laxantes	2
bisacodil	1
bit	1
ly	1
2cwirid	1
cocar	1
ganhou	1
pr	2
mio	1
bolacha	1
querem	2
tempão	1
puff	1
smp	1
cólicas	1
menstruais	2
desperta	4
apetite	4
cure	1
hipocrisia	1
alimentar	7
hipersensibilidade	1
neusaudina	2
proibida	1
alvenaria	1
penso	1
mora	1
barracos	1
cobertos	1
evite	1
tomasse	1
rapidinho	2
contenha	1
evita	1
sao	4
conhecida	1
estado	2
alerta	1
fim	8
cheguei	5
dumas	1
inves	2
suco	3
estudo	1
2007	1
industria	1
agressivas	2
displasia	2
dentinária	2
ossos	4
miopia	1
uva	2
nascendo	1
feldene	1
infelizmente	2
multigrip	1
dnv	2
pequena	1
dm	1
multifatorial	1
desamor	1
mamona	2
externamente	1
atua	1
micoses	1
aas	1
patch	1
bicarbonite	5
cafe	7
s.	7
bicarnobato	2
significa	2
rs	3
acostumado	1
aproximar	3
tp	4
caracterizado	1
tétano	1
dói	3
senti	8
mostrar	2
jesus	1
certeza	5
olha	3
maravilhosa	3
primavera	1
olhos	3
tavam	1
esbugalhados	1
doía	1
malandro	1
invadindo	1
todinha	1
fina	1
calculo	2
renal	2
correr	4
presa	1
macho	1
dupla	4
uz1a7mwzlva	2
usando	8
limão	6
acabe	4
rapidamente	4
bebida	4
redutora	4
lu7akequxs	4
nortriptilina	3
corpinho	1
hard	1
abre	1
desintoxicação	1
fazeno	1
cãimbra	1
braços	1
tasquei	2
dormia	3
ft	1
necessidade	1
fevereiro	1
segurar	1
desgraca	1
fumando	5
basicamente	4
agressivo	4
pace	3
pure	3
questo	3
porta	3
il	3
calcio	3
uno	2
che	3
portasse	3
mai	3
vita	2
indicaram	1
atacada	8
endovenoso	1
espera	2
ouço	1
encara	1
93933882	4
alucinação	2
controla	7
cardiotônico	1
digitálico	1
indicação	2
pino	1
belém	1
cujos	1
pingos	1
reverberam	1
telhado	1
tramalzinho	1
aspirina	4
soubesse	2
continuava	2
acetilcisteina	2
substancia	1
gere	1
pernas	4
daquela	5
deitaaaaaaar	2
olhando	2
zero	7
malhei	1
desencadeiam	1
misturar	2
mistura	2
codeina	1
sos	1
realidade	1
noticiasaominuto	1
lifestyle	1
635366	1
torsilax	1
bipolaridade	3
4a	2
animar	1
7	1
poeira	2
chupei	1
gelo	1
lsd	2
guloseima	2
manga	1
aqueça	1
corra	1
km	3
spliff	1
adicione	1
cefalium	1
derrubando	2
voltarei	2
aguinha	2
frutose	1
melhoraram	2
malditas	1
aftas	1
pinguei	1
analisar	2
grupo	1
grátis	1
peledemenino	1
velha	4
render	1
paulo	1
presidente	1
turquia	1
pena	4
taquicardia	1
amígdalas	1
arrotando	2
ácidos	1
capiróticos	1
trocando	1
refeições	1
várias	2
ingerido	3
veneno	1
queimando	4
triplo	1
guarde	1
hematoma	1
furos	1
real	2
luz	5
produção	2
estragou	1
programa	1
programacão	1
eleição	1
avó	1
sa	1
bosta	1
mwl	1
delicioso	2
acompanhado	1
saborosa	1
enfrentamos	1
curada	1
doar	1
caridade	1
bancar	1
ocitocina	4
criando	1
equilibrar	2
animada	1
superdosagem	3
aparecer	3
combater	3
pto	1
acredito	1
diminuem	1
administrar	8
ansiolitico	12
inicio	16
doloridas	2
desregulado	1
infinita	1
dentário	1
xxi	13
inventou	1
exato	1
assistir	1
mellitus	1
disseram	1
amortece	2
manutenção	1
esconde	2
80	2
tncc	2
ficam	1
putos	1
produto	1
muinta	1
deixando	2
sujou	2
lençol	2
furou	1
dedinho	1
saíram	1
estrogênio	1
saliva	2
lágrima	1
mísera	2
melhoro	2
tensa	1
michelle	1
cujo	2
respiratória	1
anestésico	2
utilização	5
empregosaude	5
vacinacao	5
anestesico	4
calamed	1
entrou	5
verde	1
branca	1
gt	1
rosa	1
tamo	1
fodendo	2
tl	1
atrasado	1
auto	3
estima	3
reduziu	2
voltasse	1
fodido	1
pontada	1
parecido	3
aparece	1
desgracada	1
negou	1
dopar	2
babou	1
cuspindo	1
entupido	3
diagnóstico	4
resfriado	4
187728481	1
s	3
pediátrica	1
brufen	2
nurofen	2
ó	1
fuck	2
you	1
entupir	4
visão	1
raio	1
x	2
achar	2
monte	4
carne	1
acabaram	3
fracos	1
tido	3
una	1
demasia	2
gerar	4
exageradamente	1
12x8	1
asia	1
akdjsk	1
líquido	3
amigo	1
mesmos	1
atrás	1
primeira	7
bebado	2
dizem	2
piroca	2
erupção	1
garoto	1
receito	1
400	3
hpv	3
frequentemente	1
otário	1
corisa	3
celestamine	2
bronquite	1
bolos	1
pães	1
propriedades	1
dilatam	1
vasos	2
aliviam	1
baixe	2
patrocinado	1
enem	1
viciada	3
acalma	1
indiciou	1
rara	1
novidade	1
reagiu	1
querida	2
mortal	4
nisulid	2
luftal	1
chegada	1
300	1
custo	1
vômito	2
isabela	2
parecida	1
sedada	1
orgasmo	2
intensificado	2
uol	2
jornaldaband	2
videos	4
ultimos	2
16090579	2
elevar	4
clarear	2
apesar	3
full	4
filosofia	2
militância	2
estralando	2
h.	2
criar	2
fumava	2
invés	1
esquecendo	1
trocentas	1
pa	1
impulso	8
sexual	8
forca	4
fadiga	6
spacodicas	4
wordpress	4
19	5
força	4
desgraçando	1
mandei	2
tomad	2
cólera	1
adaptou	1
pego	1
35	2
rezando	2
tareco	1
negação	1
listening	1
heitor	1
atoa	2
combinam	2
estradas	1
ruas	1
plasma	1
local	1
higiene	3
aparência	3
danificada	3
deficiência	4
cálcio	6
ferro	4
cs	1
mtmt	1
diminuição	3
citrato	1
fratura	2
injeção	11
power	1
point	1
treco	2
persistente	1
preocupa	1
side	1
fx	1
biriri	1
amenizou	1
cessado	1
esquece	1
rapdininho	1
volto	1
considerada	1
masoquista	1
chorava	1
parada	2
milagrosa	2
desmaio	2
efedrina	3
predispõe	3
prepara	1
chegará	2
câncer	2
gostada	1
empurra	1
arregaçada	4
beclometasona	3
fluticasona	2
errar	1
calafrio	1
alergica	13
cá	1
sala	2
bonito	1
aceitei	1
larissa	3
morreu	1
impulsiva	1
dizia	3
voltarem	2
arrumei	1
cabeç	1
filho	2
dimeticona	1
limpando	1
or	1
metaboliza	1
volante	1
masculinidade	1
bad	4
con	2
misturou	1
cortou	2
primeiros	1
12h	2
aguentava	1
b	2
engraçado	4
cuts	1
necessário	1
via	1
abaixando	1
puede	1
gestação	1
específico	2
novamente	1
medicação	2
ingerir	1
2h	1
perfeitos	1
longe	1
escolha	1
qlq	2
prednisona	3
equivalente	2
pantoprazol	3
ótima	4
esqueço	1
academias	1
tamojunto	2
vaivêno	2
excelente	2
linha	1
tênue	1
surtir	1
burlar	1
psicológico	2
mantendo	1
feia	1
caindo	3
resultados	1
rápidos	1
comosefaz	1
antiflamatório	1
palavras	1
descrever	1
segurou	1
driblar	1
baer	1
mate	3
gaseificado	1
daria	1
aproveitamos	1
pesamos	1
santi	1
selénio	2
agonia	1
clonazepan	1
sódico	2
neh	1
cacetada	1
grau	1
acredite	1
fritar	2
ovo	2
pano	1
transporte	1
público	1
segurando	1
mamãe	2
nene	2
morta	4
coriza	3
espirro	3
relaxa	1
drog	1
mara	1
ocasionando	2
troquei	1
menor	3
luta	1
aldol	1
manja	1
bebe	7
fzd	2
liquida	4
medico	1
infecçao	1
urinaria	1
comidas	2
irmã	3
abaixou	1
acetilsalicílico	1
annals	1
aim	1
article	3
2571714	1
lack	1
evidence	1
linking	1
coquetel	1
roncoeapneiadosono	2
2014	2
privacao	2
html	5
spref	5
tw	5
ronco	5
bruxismo	6
deprimir	2
neosoro	2
bagarai	2
parasse	1
chikungunya	2
diariodasaude	2
mes	1
termino	1
relacionamento	1
gato	1
pepsina	2
rico	6
breve	3
milagre	1
gostaria	1
xícara	1
derivados	1
adiantar	1
ciclo	2
sigo	2
enflamada	2
taquei	2
maus	1
hábitos	1
cortisol	1
trás	1
legal	1
sossega	1
provocada	1
opção	2
garguerejar	1
combinação	2
agressividade	1
cystex	1
antisséptico	1
mandaram	1
cct	1
potácio	2
aql	2
flanax	2
pega	4
memo	4
firme	1
bless	1
nação	3
oco	3
ranger	3
guerra	3
sanada	3
implacável	3
fruta	3
ali	2
braabo	1
esquenta	1
rt	1
sakasakamori	1
brasil	1
indicada	4
fibromialgia	4
neuropática	1
novafisio	2
ache	2
lanca	2
dorene	2
pregabalina	1
barbearia	1
provocou	3
polêmica	2
engravidar	2
camisinha	2
emocionais	1
mentais	2
porcamente	1
manipulados	2
laser	2
fotona	2
ativa	3
caixas	1
espironolactona	1
ansiosa	1
espidufen	1
pó	1
cacau	2
estomacal	1
obg	1
spoilers	1
quinhentas	1
dobro	1
bcaa	1
enfrentar	1
biprofenid	1
encarnações	1
peso	1
desses	12
emplantes	12
bebidas	14
geladas	12
sorvete	12
v.	12
jovem	12
netflix	8
trevas	1
crack	1
ben	1
ron	1
sinceramente	1
since	2
xícaras	1
agorinha	2
doril	2
veja	3
impossível	1
suar	1
420	1
rosacea	1
imaginar	1
tremenda	1
medidor	1
floripa	1
anjos	1
casinha	1
canis	1
telhados	1
mh	1
engorda	1
informo	1
último	1
engordar	3
clavulanato	1
peguei	2
velocidade	1
armário	1
precisar	2
agonizando	1
fizeram	2
medroxiprogesterona	1
possíveis	2
papai	1
viu	1
inchada	3
decadron	1
supostamente	2
calma	2
têm	2
rim	1
início	1
tranquila	1
paz	1
nn	3
vapt	1
vupt	1
descontinua	1
hidratante	1
corporal	1
hipoalergênico	1
vegetal	2
acha	1
chocolatezinho	1
distúrbio	1
endócrino	1
ocasiona	1
taxa	1
feijão	3
preto	3
fósforo	1
is	1
not	1
on	1
comic	1
book	1
pálpebras	1
otimo	3
contribui	1
abertos	1
ajustou	1
fede	2
fedido	1
cotovelo	1
stalkear	1
alheia	1
perder	1
pouquinho	1
mínimo	1
conhecer	1
capaz	2
matando	2
tédio	1
potencializar	1
sequei	2
frasco	2
brincando	1
evangelistamadu	3
curo	3
veria	1
afinal	1
sofridão	1
horror	1
vendido	1
dibas	1
suportar	2
histamin	1
heparina	1
caralhada	2
respiridona	1
comporta	1
gostinho	4
condensado	1
beats	1
fanta	2
desisti	1
acrescenta	1
azioviski	1
favorita	1
nois	1
curto	1
piorando	4
apatia	1
vit	1
correlação	1
nutrição	1
psicóloga	1
feeling	1
boldo	2
pronto	2
futuro	2
ingerindo	2
sorte	2
caverão	2
listinha	1
pedras	1
visicula	1
biliar	1
feniletilamina	1
oferecem	1
inchou	3
traga	1
diabetesevoce	2
metformina	1
intra	1
venosa	2
6em6h	2
calêndula	1
calango	1
hauhauahuahaua	1
refletir	1
ceu	1
tentei	1
morri	2
imediatamente	1
senão	2
mude	1
vence	2
meti	1
exrtrema	1
psicoativo	1
lidando	1
acomapanha	1
tamanha	1
espirrando	2
neblina	3
inspira	4
chacina	2
doi	1
comendo	1
esporro	1
recomendaram	2
princípio	1
ativo	1
isotretinoína	1
zerteza	1
pisando	1
mexer	2
festa	1
formatura	1
9	1
surtindo	1
x3	4
riesgo	2
urticaria	4
posibilidad	2
referir	2
antialérgicos	2
descobr	2
maneira	2
percebe	1
baixos	2
próximos	1
gripada	3
ingestão	6
excessiva	6
pálpebra	1
média	1
marrie	1
tbem	1
perde	1
terapêuticas	1
aliviando	4
sene	28
senegal	4
flordeemaria	2
maxmilla	2
receitar	2
hjghkj	1
gotinha	1
sarar	1
prédio	1
provocadas	1
palha	1
durmir	1
conquista	1
significam	1
rola	1
migo	1
dolorosa	1
qr	2
propranolol	1
inibe	1
somatostatina	1
descontrolada	1
cafeina	6
verifica	1
ferida	1
google	2
kkkkldjçvksfdjglkjfslkfs	1
regis	2
inxados	1
vermelhos	1
tremeira	2
retirar	1
marcas	1
maçã	1
mamão	1
treinar	1
deveriam	2
preferem	1
mergulhadas	1
saúde	1
flamengo	1
produtividade	1
juvenil	1
wtf	1
bangtan	1
kkkkkkkkk	1
renite	1
acarreta	1
tambem	1
intensifies	1
alcatrão	1
cancerígeno	2
monóxido	2
carbono	2
riscos	2
nafazolina	1
gatilho	1
pagar	1
partiu	2
doze	2
piscina	1
parecia	1
visitando	1
familiar	1
últimas	2
semanas	2
proibição	1
vender	1
urrar	1
tda	1
circulando	1
caf	4
issae	3
inicial	1
gostoso	1
jpa	1
tatoo	1
tio	2
aguentaria	1
correiodopovo	1
 	2
597031	1
brasileiros	1
conviver	2
exercicios	1
bunda	2
fundo	1
prepa	1
cinegripe	1
desassociar	1
ideia	1
27	1
giuliana	1
beça	1
enxaq	4
multigripe	2
derruba	2
dipironas	2
vovó	1
congestionado	1
muco	1
transtorno	1
resta	1
estuprador	1
perpétua	1
diárias	1
vomito	2
cansei	2
demorou	1
adenosil	1
l	1
excessivo	1
serviu	1
inglês	1
castor	1
tudinho	2
coleguinha	2
alcoólicas	2
adrenal	1
reposição	1
feminina	1
simeticona	1
gemendo	2
hipopótamos	1
machos	1
427	1
ciúmes	1
imosec	2
gripes	2
resfriados	2
trancado	1
aeww	1
primordial	1
dormindo	1
rebelde	1
postando	2
materno	1
fetal	1
influenciar	1
precisava	1
alongar	1
estressada	1
anidra	3
dextrosol	3
f	3
p.	3
naturalzinho	4
juízo	1
vil	1
viciados	1
padrasto	1
transfusão	1
cavalar	1
lembrando	1
transava	1
dilata	1
sanguíneos	1
boné	1
contato	4
andem	1
depressao	1
acarretado	1
piripaques	1
rua	2
portaldeangola	2
bie	2
sete	2
criancas	2
recebem	2
habitués	2
hiperdosagem	1
secreção	1
sebácea	1
interessantíssimo	1
induzido	1
trocou	2
saio	2
eufórico	1
ebola	1
ônibus	1
sofrendo	2
fio	1
solução	1
cabível	1
hospitais	1
publicos	1
passaria	1
botei	1
chorou	1
dodoi	1
liga	1
prefere	3
bupropiona	1
pras	2
remedinhos	1
voltou	1
avisando	3
louvada	1
ressecado	1
chovendo	1
vômitos	2
geram	1
hidratação	1
caseira	1
borrifador	1
centro	1
derreti	2
xô	1
serio	1
natal	1
oral	1
20cp	2
01cp	2
08h	2
proporcionando	1
preferencia	1
amargo	1
espremido	1
livra	1
aula	2
difícil	1
nenenha	1
chatinha	1
interesse	1
salsinha	3
aplicação	3
ponstan	1
meto	1
refeição	1
açaí	2
mals	1
meno	1
algodão	2
amasso	2
pedaço	2
passaram	1
melhores	2
comentários	1
praticamente	1
costumo	1
atm	1
tomara	1
quebra	1
misturada	1
pseudo	1
ift	1
tt	1
28zcunv	1
baleia	2
golfinho	1
naoooo	1
farelo	2
aveia	2
regularmente	2
alfa	2
bloq	2
finasterida	1
comprido	1
professores	1
vs	1
tati	1
associado	1
morango	1
antiinflamatorio	1
péssimo	1
emprestem	1
possuir	2
adepto	1
suicídio	2
carol	1
região	2
devagarinho	2
eita	2
conheço	1
ajudo	1
gotinhas	1
crônicas	1
causas	1
okay	2
funcionou	2
disco	1
máquinas	1
escuto	1
braba	2
verificar	1
medicos	4
indicam	4
super	2
cappuccino	1
antiflamatorio	2
amigdalite	1
desespero	2
iodado	1
ressacada	1
machucada	1
levei	1
soco	1
ambulante	1
vagal	1
tropeçou	1
túmulo	1
assassino	1
guevara	1
resolvendo	2
medley	4
milagres	4
achando	1
cimegripe	1
quetiapina	2
egito	2
afim	1
briga	1
tatuagem	2
murchar	1
folha	1
chequei	1
faculdades	1
unidades	4
cagar	1
cr	3
louça	1
detergente	1
localizada	2
cometerão	1
compridos	2
concentrado	1
kkkkkkkkkkkkkk	2
sibutramina	1
digestorio	1
alem	1
errado	1
suficientes	1
aplicar	1
irá	1
baaa	1
libertada	1
reprimido	1
extremo	1
